HTTrack3.49-2+htsswf+htsjava launched on Sun, 20 May 2018 18:47:09 at http://paul-themes.com/wp/jonny/jonny-demo/ +*.png +*.gif +*.jpg +*.jpeg +*.css +*.js -ad.doubleclick.net/* -mime:application/foobar
(winhttrack -qwC2%Ps2u1%s%uN0%I0p3DaK0H0%kf2A25000%f#f -F "Mozilla/4.5 (compatible; HTTrack 3.0x; Windows 98)" -%F "<!-- Mirrored from %s%s by HTTrack Website Copier/3.x [XR&CO'2014], %s -->" -%l "en, *" http://paul-themes.com/wp/jonny/jonny-demo/ -O1 "C:\Users\Tushar\Desktop\Extra\sahil jonny" +*.png +*.gif +*.jpg +*.jpeg +*.css +*.js -ad.doubleclick.net/* -mime:application/foobar )

Information, Warnings and Errors reported for this mirror:
note:	the hts-log.txt file, and hts-cache folder, may contain sensitive information,
	such as username/password authentication for websites mirrored in this project
	do not share these files/folders if you want these information to remain private

18:51:42	Error: 	"Forbidden" (403) at link translate.google.com/translate_a/element.js?cb=googleTranslateElementInit2 (from paul-themes.com/wp/jonny/jonny-demo/)
18:51:52	Error: 	"Not Found" (404) at link paul-themes.com/wp/jonny/jonny-demo/wp-content/themes/jonny/fonts/glyphicons-halflings-regular.eot (from paul-themes.com/wp/jonny/jonny-demo/wp-content/themes/jonny/css/bootstrap.css?ver=4.9.5)
18:51:52	Error: 	"Not Found" (404) at link paul-themes.com/wp/jonny/jonny-demo/wp-content/themes/jonny/fonts/glyphicons-halflings-regular.eot? (from paul-themes.com/wp/jonny/jonny-demo/wp-content/themes/jonny/css/bootstrap.css?ver=4.9.5)
18:51:52	Error: 	"Not Found" (404) at link paul-themes.com/wp/jonny/jonny-demo/wp-content/themes/jonny/fonts/glyphicons-halflings-regular.woff2 (from paul-themes.com/wp/jonny/jonny-demo/wp-content/themes/jonny/css/bootstrap.css?ver=4.9.5)
18:51:52	Error: 	"Not Found" (404) at link paul-themes.com/wp/jonny/jonny-demo/wp-content/themes/jonny/fonts/glyphicons-halflings-regular.woff (from paul-themes.com/wp/jonny/jonny-demo/wp-content/themes/jonny/css/bootstrap.css?ver=4.9.5)
18:51:52	Error: 	"Not Found" (404) at link paul-themes.com/wp/jonny/jonny-demo/wp-content/themes/jonny/fonts/glyphicons-halflings-regular.ttf (from paul-themes.com/wp/jonny/jonny-demo/wp-content/themes/jonny/css/bootstrap.css?ver=4.9.5)
18:51:52	Error: 	"Not Found" (404) at link paul-themes.com/wp/jonny/jonny-demo/wp-content/themes/jonny/fonts/glyphicons-halflings-regular.svg (from paul-themes.com/wp/jonny/jonny-demo/wp-content/themes/jonny/css/bootstrap.css?ver=4.9.5)
18:51:52	Error: 	"Not Found" (404) at link paul-themes.com/wp/jonny/jonny-demo/wp-content/themes/jonny/images/1-1920x800.jpg (from paul-themes.com/wp/jonny/jonny-demo/wp-content/themes/jonny/css/style.css?ver=4.9.5)
18:51:52	Error: 	"Not Found" (404) at link paul-themes.com/wp/jonny/jonny-demo/wp-content/fonts/poppins-regular-webfont.woff2 (from paul-themes.com/wp/jonny/jonny-demo/wp-content/uploads/style.css?ver=4.9.5)
18:51:52	Error: 	"Not Found" (404) at link paul-themes.com/wp/jonny/jonny-demo/wp-content/fonts/poppins-regular-webfont.woff (from paul-themes.com/wp/jonny/jonny-demo/wp-content/uploads/style.css?ver=4.9.5)
18:52:12	Warning: 	Moved Permanently for paul-themes.com/wp/jonny/jonny-demo/?p=1584
18:52:12	Warning: 	File has moved from paul-themes.com/wp/jonny/jonny-demo/?p=1584 to http://paul-themes.com/wp/jonny/jonny-demo/project/project-details/
18:52:15	Warning: 	Moved Permanently for paul-themes.com/wp/jonny/jonny-demo/?p=1031
18:52:15	Warning: 	File has moved from paul-themes.com/wp/jonny/jonny-demo/?p=1031 to http://paul-themes.com/wp/jonny/jonny-demo/2017/02/14/branding-do-you-know-who-you-are-15/
18:52:31	Warning: 	Moved Permanently for paul-themes.com/wp/jonny/jonny-demo/?p=1029
18:52:31	Warning: 	File has moved from paul-themes.com/wp/jonny/jonny-demo/?p=1029 to http://paul-themes.com/wp/jonny/jonny-demo/2017/02/14/branding-do-you-know-who-you-are-14/
18:52:31	Warning: 	Moved Permanently for paul-themes.com/wp/jonny/jonny-demo/?p=1027
18:52:31	Warning: 	File has moved from paul-themes.com/wp/jonny/jonny-demo/?p=1027 to http://paul-themes.com/wp/jonny/jonny-demo/2017/02/14/branding-do-you-know-who-you-are-13/
18:52:35	Warning: 	Moved Permanently for paul-themes.com/wp/jonny/jonny-demo/?p=1025
18:52:35	Warning: 	File has moved from paul-themes.com/wp/jonny/jonny-demo/?p=1025 to http://paul-themes.com/wp/jonny/jonny-demo/2017/02/14/branding-do-you-know-who-you-are-12/
18:52:39	Warning: 	Moved Permanently for paul-themes.com/wp/jonny/jonny-demo/?p=1035
18:52:39	Warning: 	File has moved from paul-themes.com/wp/jonny/jonny-demo/?p=1035 to http://paul-themes.com/wp/jonny/jonny-demo/2017/02/14/branding-do-you-know-who-you-are-16/
18:52:48	Warning: 	Moved Permanently for paul-themes.com/wp/jonny/jonny-demo/?p=1048
18:52:48	Warning: 	File has moved from paul-themes.com/wp/jonny/jonny-demo/?p=1048 to http://paul-themes.com/wp/jonny/jonny-demo/2017/02/14/branding-do-you-know-who-you-are-21/
18:52:48	Warning: 	Moved Permanently for paul-themes.com/wp/jonny/jonny-demo/?p=1045
18:52:48	Warning: 	File has moved from paul-themes.com/wp/jonny/jonny-demo/?p=1045 to http://paul-themes.com/wp/jonny/jonny-demo/2017/02/14/branding-do-you-know-who-you-are-20/
18:52:48	Warning: 	Moved Permanently for paul-themes.com/wp/jonny/jonny-demo/?p=1041
18:52:48	Warning: 	File has moved from paul-themes.com/wp/jonny/jonny-demo/?p=1041 to http://paul-themes.com/wp/jonny/jonny-demo/2017/02/14/branding-do-you-know-who-you-are-19/
18:52:48	Warning: 	Moved Permanently for paul-themes.com/wp/jonny/jonny-demo/?p=1039
18:52:48	Warning: 	File has moved from paul-themes.com/wp/jonny/jonny-demo/?p=1039 to http://paul-themes.com/wp/jonny/jonny-demo/2017/02/14/branding-do-you-know-who-you-are-18/
18:52:51	Warning: 	Moved Permanently for paul-themes.com/wp/jonny/jonny-demo/?p=1023
18:52:51	Warning: 	File has moved from paul-themes.com/wp/jonny/jonny-demo/?p=1023 to http://paul-themes.com/wp/jonny/jonny-demo/2017/02/14/branding-do-you-know-who-you-are-11/
18:52:51	Warning: 	Moved Permanently for paul-themes.com/wp/jonny/jonny-demo/?p=1037
18:52:51	Warning: 	File has moved from paul-themes.com/wp/jonny/jonny-demo/?p=1037 to http://paul-themes.com/wp/jonny/jonny-demo/2017/02/14/branding-do-you-know-who-you-are-17/
18:52:59	Warning: 	Moved Permanently for paul-themes.com/wp/jonny/jonny-demo/?p=144
18:52:59	Warning: 	File has moved from paul-themes.com/wp/jonny/jonny-demo/?p=144 to http://paul-themes.com/wp/jonny/jonny-demo/2017/01/28/branding-do-you-know-who-you-are/
18:52:59	Warning: 	Moved Permanently for paul-themes.com/wp/jonny/jonny-demo/?p=1567
18:52:59	Warning: 	File has moved from paul-themes.com/wp/jonny/jonny-demo/?p=1567 to http://paul-themes.com/wp/jonny/jonny-demo/2017/06/01/advertising-internet-online/
18:53:01	Warning: 	Moved Permanently for paul-themes.com/wp/jonny/jonny-demo/?p=1021
18:53:01	Warning: 	File has moved from paul-themes.com/wp/jonny/jonny-demo/?p=1021 to http://paul-themes.com/wp/jonny/jonny-demo/2017/02/14/branding-do-you-know-who-you-are-10/
18:53:04	Warning: 	Moved Permanently for paul-themes.com/wp/jonny/jonny-demo/?p=145
18:53:04	Warning: 	File has moved from paul-themes.com/wp/jonny/jonny-demo/?p=145 to http://paul-themes.com/wp/jonny/jonny-demo/2017/01/28/branding-do-you-know-who-you-are-2/
18:53:07	Warning: 	Moved Permanently for paul-themes.com/wp/jonny/jonny-demo/?p=417
18:53:07	Warning: 	File has moved from paul-themes.com/wp/jonny/jonny-demo/?p=417 to http://paul-themes.com/wp/jonny/jonny-demo/2017/02/02/branding-do-you-know-who-you-are-4/
18:53:10	Warning: 	Moved Permanently for paul-themes.com/wp/jonny/jonny-demo/?p=432
18:53:10	Warning: 	File has moved from paul-themes.com/wp/jonny/jonny-demo/?p=432 to http://paul-themes.com/wp/jonny/jonny-demo/2017/02/02/branding-do-you-know-who-you-are-9/
18:53:10	Warning: 	Moved Permanently for paul-themes.com/wp/jonny/jonny-demo/?p=146
18:53:10	Warning: 	File has moved from paul-themes.com/wp/jonny/jonny-demo/?p=146 to http://paul-themes.com/wp/jonny/jonny-demo/2017/01/27/branding-do-you-know-who-you-are-3/
18:53:12	Warning: 	Moved Permanently for paul-themes.com/wp/jonny/jonny-demo/?p=420
18:53:12	Warning: 	File has moved from paul-themes.com/wp/jonny/jonny-demo/?p=420 to http://paul-themes.com/wp/jonny/jonny-demo/2017/02/02/branding-do-you-know-who-you-are-5/
18:53:14	Warning: 	Moved Permanently for paul-themes.com/wp/jonny/jonny-demo/?p=429
18:53:14	Warning: 	File has moved from paul-themes.com/wp/jonny/jonny-demo/?p=429 to http://paul-themes.com/wp/jonny/jonny-demo/2017/02/02/branding-do-you-know-who-you-are-8/
18:53:14	Warning: 	Moved Permanently for paul-themes.com/wp/jonny/jonny-demo/?p=423
18:53:14	Warning: 	File has moved from paul-themes.com/wp/jonny/jonny-demo/?p=423 to http://paul-themes.com/wp/jonny/jonny-demo/2017/02/02/branding-do-you-know-who-you-are-6/
18:53:14	Warning: 	Moved Permanently for paul-themes.com/wp/jonny/jonny-demo/?p=426
18:53:14	Warning: 	File has moved from paul-themes.com/wp/jonny/jonny-demo/?p=426 to http://paul-themes.com/wp/jonny/jonny-demo/2017/02/02/branding-do-you-know-who-you-are-7/

HTTrack Website Copier/3.49-2 mirror complete in 6 minutes 5 seconds : 306 links scanned, 272 files written (9109463 bytes overall) [6566891 bytes received at 17991 bytes/sec], 4183800 bytes transferred using HTTP compression in 179 files, ratio 33%, 11.3 requests per connection
(10 errors, 46 warnings, 0 messages)
